USE [TicketManagement.Database]
GO
SET IDENTITY_INSERT [dbo].[Venue] ON 

INSERT [dbo].[Venue] ([Id], [Name], [Description], [Address], [Phone]) VALUES (1, N'Minsk-arena', N'Interesting place', N'Belarus,Minsk,Green st. 15', N'+375(44)6547411')
INSERT [dbo].[Venue] ([Id], [Name], [Description], [Address], [Phone]) VALUES (2, N'Дворец республики', N'Проведение государственных общественно-политических и культурно-зрелищных мероприятий,', N'Беларусь, Гомель, ул. Речицкая 11', N'+7(31)5557433')
INSERT [dbo].[Venue] ([Id], [Name], [Description], [Address], [Phone]) VALUES (3, N'The Bolshoi Theatre of Belarus', N'Many different performances', N'Belarus,Minsk,Red st. 15', N'+375(29)2227422')
SET IDENTITY_INSERT [dbo].[Venue] OFF
GO
SET IDENTITY_INSERT [dbo].[Layout] ON 

INSERT [dbo].[Layout] ([Id], [Name], [VenueId], [Description], [Width], [Height]) VALUES (1, N'Main layout', 1, N'Many seats', 100, 30)
INSERT [dbo].[Layout] ([Id], [Name], [VenueId], [Description], [Width], [Height]) VALUES (2, N'Стандартный шаблон', 2, N'Удобная расстановка', 10, 10)
INSERT [dbo].[Layout] ([Id], [Name], [VenueId], [Description], [Width], [Height]) VALUES (3, N'Standart layout', 3, N'Many seats', 10, 5)
INSERT [dbo].[Layout] ([Id], [Name], [VenueId], [Description], [Width], [Height]) VALUES (4, N'Second layout', 1, N'For a small performance', 4, 3)
SET IDENTITY_INSERT [dbo].[Layout] OFF
GO
SET IDENTITY_INSERT [dbo].[Area] ON 

INSERT [dbo].[Area] ([Id], [LayoutId], [Description], [CoordX], [CoordY], [Color], [Width], [Height]) VALUES (1, 1, N'Premium area', 9, 9, N'#3fde5f', 10, 5)
INSERT [dbo].[Area] ([Id], [LayoutId], [Description], [CoordX], [CoordY], [Color], [Width], [Height]) VALUES (2, 1, N'Standart area', 9, 4, N'#efe22a', 10, 3)
INSERT [dbo].[Area] ([Id], [LayoutId], [Description], [CoordX], [CoordY], [Color], [Width], [Height]) VALUES (3, 2, N'Премиум', 3, 4, N'#4a3fee', 5, 2)
INSERT [dbo].[Area] ([Id], [LayoutId], [Description], [CoordX], [CoordY], [Color], [Width], [Height]) VALUES (4, 2, N'Стандартная', 4, 6, N'#2dda16', 3, 3)
INSERT [dbo].[Area] ([Id], [LayoutId], [Description], [CoordX], [CoordY], [Color], [Width], [Height]) VALUES (5, 3, N'Premium area', 4, 1, N'#d72bee', 3, 2)
INSERT [dbo].[Area] ([Id], [LayoutId], [Description], [CoordX], [CoordY], [Color], [Width], [Height]) VALUES (6, 4, N'Standart area', 2, 1, N'#44d5c4', 2, 2)
INSERT [dbo].[Area] ([Id], [LayoutId], [Description], [CoordX], [CoordY], [Color], [Width], [Height]) VALUES (7, 4, N'Premium area', 1, 3, N'#f16c13', 4, 1)
SET IDENTITY_INSERT [dbo].[Area] OFF
GO
SET IDENTITY_INSERT [dbo].[Seat] ON 

INSERT [dbo].[Seat] ([Id], [AreaId], [Row], [Number]) VALUES (1, 1, 1, 1)
INSERT [dbo].[Seat] ([Id], [AreaId], [Row], [Number]) VALUES (2, 1, 2, 1)
INSERT [dbo].[Seat] ([Id], [AreaId], [Row], [Number]) VALUES (3, 1, 3, 1)
INSERT [dbo].[Seat] ([Id], [AreaId], [Row], [Number]) VALUES (4, 1, 4, 1)
INSERT [dbo].[Seat] ([Id], [AreaId], [Row], [Number]) VALUES (5, 1, 5, 1)
INSERT [dbo].[Seat] ([Id], [AreaId], [Row], [Number]) VALUES (6, 1, 1, 2)
INSERT [dbo].[Seat] ([Id], [AreaId], [Row], [Number]) VALUES (7, 1, 2, 2)
INSERT [dbo].[Seat] ([Id], [AreaId], [Row], [Number]) VALUES (8, 1, 3, 2)
INSERT [dbo].[Seat] ([Id], [AreaId], [Row], [Number]) VALUES (9, 1, 4, 2)
INSERT [dbo].[Seat] ([Id], [AreaId], [Row], [Number]) VALUES (10, 1, 5, 2)
INSERT [dbo].[Seat] ([Id], [AreaId], [Row], [Number]) VALUES (11, 1, 1, 3)
INSERT [dbo].[Seat] ([Id], [AreaId], [Row], [Number]) VALUES (12, 1, 2, 3)
INSERT [dbo].[Seat] ([Id], [AreaId], [Row], [Number]) VALUES (13, 1, 3, 3)
INSERT [dbo].[Seat] ([Id], [AreaId], [Row], [Number]) VALUES (14, 1, 4, 3)
INSERT [dbo].[Seat] ([Id], [AreaId], [Row], [Number]) VALUES (15, 1, 5, 3)
INSERT [dbo].[Seat] ([Id], [AreaId], [Row], [Number]) VALUES (16, 1, 1, 4)
INSERT [dbo].[Seat] ([Id], [AreaId], [Row], [Number]) VALUES (17, 1, 2, 4)
INSERT [dbo].[Seat] ([Id], [AreaId], [Row], [Number]) VALUES (18, 1, 3, 4)
INSERT [dbo].[Seat] ([Id], [AreaId], [Row], [Number]) VALUES (19, 1, 4, 4)
INSERT [dbo].[Seat] ([Id], [AreaId], [Row], [Number]) VALUES (20, 1, 5, 4)
INSERT [dbo].[Seat] ([Id], [AreaId], [Row], [Number]) VALUES (21, 1, 1, 5)
INSERT [dbo].[Seat] ([Id], [AreaId], [Row], [Number]) VALUES (22, 1, 2, 5)
INSERT [dbo].[Seat] ([Id], [AreaId], [Row], [Number]) VALUES (23, 1, 3, 5)
INSERT [dbo].[Seat] ([Id], [AreaId], [Row], [Number]) VALUES (24, 1, 4, 5)
INSERT [dbo].[Seat] ([Id], [AreaId], [Row], [Number]) VALUES (25, 1, 5, 5)
INSERT [dbo].[Seat] ([Id], [AreaId], [Row], [Number]) VALUES (26, 1, 1, 6)
INSERT [dbo].[Seat] ([Id], [AreaId], [Row], [Number]) VALUES (27, 1, 2, 6)
INSERT [dbo].[Seat] ([Id], [AreaId], [Row], [Number]) VALUES (28, 1, 3, 6)
INSERT [dbo].[Seat] ([Id], [AreaId], [Row], [Number]) VALUES (29, 1, 4, 6)
INSERT [dbo].[Seat] ([Id], [AreaId], [Row], [Number]) VALUES (30, 1, 5, 6)
INSERT [dbo].[Seat] ([Id], [AreaId], [Row], [Number]) VALUES (31, 1, 1, 7)
INSERT [dbo].[Seat] ([Id], [AreaId], [Row], [Number]) VALUES (32, 1, 2, 7)
INSERT [dbo].[Seat] ([Id], [AreaId], [Row], [Number]) VALUES (33, 1, 3, 7)
INSERT [dbo].[Seat] ([Id], [AreaId], [Row], [Number]) VALUES (34, 1, 4, 7)
INSERT [dbo].[Seat] ([Id], [AreaId], [Row], [Number]) VALUES (35, 1, 5, 7)
INSERT [dbo].[Seat] ([Id], [AreaId], [Row], [Number]) VALUES (36, 1, 1, 8)
INSERT [dbo].[Seat] ([Id], [AreaId], [Row], [Number]) VALUES (37, 1, 2, 8)
INSERT [dbo].[Seat] ([Id], [AreaId], [Row], [Number]) VALUES (38, 1, 3, 8)
INSERT [dbo].[Seat] ([Id], [AreaId], [Row], [Number]) VALUES (39, 1, 4, 8)
INSERT [dbo].[Seat] ([Id], [AreaId], [Row], [Number]) VALUES (40, 1, 5, 8)
INSERT [dbo].[Seat] ([Id], [AreaId], [Row], [Number]) VALUES (41, 1, 1, 9)
INSERT [dbo].[Seat] ([Id], [AreaId], [Row], [Number]) VALUES (42, 1, 2, 9)
INSERT [dbo].[Seat] ([Id], [AreaId], [Row], [Number]) VALUES (43, 1, 3, 9)
INSERT [dbo].[Seat] ([Id], [AreaId], [Row], [Number]) VALUES (44, 1, 4, 9)
INSERT [dbo].[Seat] ([Id], [AreaId], [Row], [Number]) VALUES (45, 1, 5, 9)
INSERT [dbo].[Seat] ([Id], [AreaId], [Row], [Number]) VALUES (46, 1, 1, 10)
INSERT [dbo].[Seat] ([Id], [AreaId], [Row], [Number]) VALUES (47, 1, 2, 10)
INSERT [dbo].[Seat] ([Id], [AreaId], [Row], [Number]) VALUES (48, 1, 3, 10)
INSERT [dbo].[Seat] ([Id], [AreaId], [Row], [Number]) VALUES (49, 1, 4, 10)
INSERT [dbo].[Seat] ([Id], [AreaId], [Row], [Number]) VALUES (50, 1, 5, 10)
INSERT [dbo].[Seat] ([Id], [AreaId], [Row], [Number]) VALUES (51, 2, 1, 1)
INSERT [dbo].[Seat] ([Id], [AreaId], [Row], [Number]) VALUES (52, 2, 2, 1)
INSERT [dbo].[Seat] ([Id], [AreaId], [Row], [Number]) VALUES (53, 2, 3, 1)
INSERT [dbo].[Seat] ([Id], [AreaId], [Row], [Number]) VALUES (54, 2, 1, 2)
INSERT [dbo].[Seat] ([Id], [AreaId], [Row], [Number]) VALUES (55, 2, 2, 2)
INSERT [dbo].[Seat] ([Id], [AreaId], [Row], [Number]) VALUES (56, 2, 3, 2)
INSERT [dbo].[Seat] ([Id], [AreaId], [Row], [Number]) VALUES (57, 2, 1, 3)
INSERT [dbo].[Seat] ([Id], [AreaId], [Row], [Number]) VALUES (58, 2, 2, 3)
INSERT [dbo].[Seat] ([Id], [AreaId], [Row], [Number]) VALUES (59, 2, 3, 3)
INSERT [dbo].[Seat] ([Id], [AreaId], [Row], [Number]) VALUES (60, 2, 1, 4)
INSERT [dbo].[Seat] ([Id], [AreaId], [Row], [Number]) VALUES (61, 2, 2, 4)
INSERT [dbo].[Seat] ([Id], [AreaId], [Row], [Number]) VALUES (62, 2, 3, 4)
INSERT [dbo].[Seat] ([Id], [AreaId], [Row], [Number]) VALUES (63, 2, 1, 5)
INSERT [dbo].[Seat] ([Id], [AreaId], [Row], [Number]) VALUES (64, 2, 2, 5)
INSERT [dbo].[Seat] ([Id], [AreaId], [Row], [Number]) VALUES (65, 2, 3, 5)
INSERT [dbo].[Seat] ([Id], [AreaId], [Row], [Number]) VALUES (66, 2, 1, 6)
INSERT [dbo].[Seat] ([Id], [AreaId], [Row], [Number]) VALUES (67, 2, 2, 6)
INSERT [dbo].[Seat] ([Id], [AreaId], [Row], [Number]) VALUES (68, 2, 3, 6)
INSERT [dbo].[Seat] ([Id], [AreaId], [Row], [Number]) VALUES (69, 2, 1, 7)
INSERT [dbo].[Seat] ([Id], [AreaId], [Row], [Number]) VALUES (70, 2, 2, 7)
INSERT [dbo].[Seat] ([Id], [AreaId], [Row], [Number]) VALUES (71, 2, 3, 7)
INSERT [dbo].[Seat] ([Id], [AreaId], [Row], [Number]) VALUES (72, 2, 1, 8)
INSERT [dbo].[Seat] ([Id], [AreaId], [Row], [Number]) VALUES (73, 2, 2, 8)
INSERT [dbo].[Seat] ([Id], [AreaId], [Row], [Number]) VALUES (74, 2, 3, 8)
INSERT [dbo].[Seat] ([Id], [AreaId], [Row], [Number]) VALUES (75, 2, 1, 9)
INSERT [dbo].[Seat] ([Id], [AreaId], [Row], [Number]) VALUES (76, 2, 2, 9)
INSERT [dbo].[Seat] ([Id], [AreaId], [Row], [Number]) VALUES (77, 2, 3, 9)
INSERT [dbo].[Seat] ([Id], [AreaId], [Row], [Number]) VALUES (78, 2, 1, 10)
INSERT [dbo].[Seat] ([Id], [AreaId], [Row], [Number]) VALUES (79, 2, 2, 10)
INSERT [dbo].[Seat] ([Id], [AreaId], [Row], [Number]) VALUES (80, 2, 3, 10)
INSERT [dbo].[Seat] ([Id], [AreaId], [Row], [Number]) VALUES (81, 3, 1, 1)
INSERT [dbo].[Seat] ([Id], [AreaId], [Row], [Number]) VALUES (82, 3, 2, 1)
INSERT [dbo].[Seat] ([Id], [AreaId], [Row], [Number]) VALUES (83, 3, 1, 2)
INSERT [dbo].[Seat] ([Id], [AreaId], [Row], [Number]) VALUES (84, 3, 2, 2)
INSERT [dbo].[Seat] ([Id], [AreaId], [Row], [Number]) VALUES (85, 3, 1, 3)
INSERT [dbo].[Seat] ([Id], [AreaId], [Row], [Number]) VALUES (86, 3, 2, 3)
INSERT [dbo].[Seat] ([Id], [AreaId], [Row], [Number]) VALUES (87, 3, 1, 4)
INSERT [dbo].[Seat] ([Id], [AreaId], [Row], [Number]) VALUES (88, 3, 2, 4)
INSERT [dbo].[Seat] ([Id], [AreaId], [Row], [Number]) VALUES (89, 3, 1, 5)
INSERT [dbo].[Seat] ([Id], [AreaId], [Row], [Number]) VALUES (90, 3, 2, 5)
INSERT [dbo].[Seat] ([Id], [AreaId], [Row], [Number]) VALUES (91, 4, 1, 1)
INSERT [dbo].[Seat] ([Id], [AreaId], [Row], [Number]) VALUES (92, 4, 2, 1)
INSERT [dbo].[Seat] ([Id], [AreaId], [Row], [Number]) VALUES (93, 4, 3, 1)
INSERT [dbo].[Seat] ([Id], [AreaId], [Row], [Number]) VALUES (94, 4, 1, 2)
INSERT [dbo].[Seat] ([Id], [AreaId], [Row], [Number]) VALUES (95, 4, 2, 2)
INSERT [dbo].[Seat] ([Id], [AreaId], [Row], [Number]) VALUES (96, 4, 3, 2)
INSERT [dbo].[Seat] ([Id], [AreaId], [Row], [Number]) VALUES (97, 4, 1, 3)
INSERT [dbo].[Seat] ([Id], [AreaId], [Row], [Number]) VALUES (98, 4, 2, 3)
INSERT [dbo].[Seat] ([Id], [AreaId], [Row], [Number]) VALUES (99, 4, 3, 3)
GO
INSERT [dbo].[Seat] ([Id], [AreaId], [Row], [Number]) VALUES (100, 5, 1, 1)
INSERT [dbo].[Seat] ([Id], [AreaId], [Row], [Number]) VALUES (101, 5, 2, 1)
INSERT [dbo].[Seat] ([Id], [AreaId], [Row], [Number]) VALUES (102, 5, 1, 2)
INSERT [dbo].[Seat] ([Id], [AreaId], [Row], [Number]) VALUES (103, 5, 2, 2)
INSERT [dbo].[Seat] ([Id], [AreaId], [Row], [Number]) VALUES (104, 5, 1, 3)
INSERT [dbo].[Seat] ([Id], [AreaId], [Row], [Number]) VALUES (105, 5, 2, 3)
INSERT [dbo].[Seat] ([Id], [AreaId], [Row], [Number]) VALUES (106, 6, 1, 1)
INSERT [dbo].[Seat] ([Id], [AreaId], [Row], [Number]) VALUES (107, 6, 2, 1)
INSERT [dbo].[Seat] ([Id], [AreaId], [Row], [Number]) VALUES (108, 6, 1, 2)
INSERT [dbo].[Seat] ([Id], [AreaId], [Row], [Number]) VALUES (109, 6, 2, 2)
INSERT [dbo].[Seat] ([Id], [AreaId], [Row], [Number]) VALUES (110, 7, 1, 1)
INSERT [dbo].[Seat] ([Id], [AreaId], [Row], [Number]) VALUES (111, 7, 1, 2)
INSERT [dbo].[Seat] ([Id], [AreaId], [Row], [Number]) VALUES (112, 7, 1, 3)
INSERT [dbo].[Seat] ([Id], [AreaId], [Row], [Number]) VALUES (113, 7, 1, 4)
SET IDENTITY_INSERT [dbo].[Seat] OFF
GO
INSERT [dbo].[AspNetRoles] ([Id], [ConcurrencyStamp], [Name], [NormalizedName]) VALUES (N'7b635bd8-5d14-4481-abde-d9923be95591', N'2722585c-6720-451b-b694-350983719277', N'EventManager', N'EVENTMANAGER')
INSERT [dbo].[AspNetRoles] ([Id], [ConcurrencyStamp], [Name], [NormalizedName]) VALUES (N'b5a38052-f047-4818-83c3-14d3923af6f0', N'ded17553-1ea4-4acf-ab8b-4ace206fbe54', N'VenueManager', N'VENUEMANAGER')
INSERT [dbo].[AspNetRoles] ([Id], [ConcurrencyStamp], [Name], [NormalizedName]) VALUES (N'c3dfce79-8335-44b5-8aed-372752a35ffd', N'a0b54b27-ab13-4de4-abf8-0b40ce4ac13b', N'User', N'USER')
GO
INSERT [dbo].[AspNetUsers] ([Id], [AccessFailedCount], [ConcurrencyStamp], [Email], [EmailConfirmed], [LockoutEnabled], [LockoutEnd], [NormalizedEmail], [NormalizedUserName], [PasswordHash], [PhoneNumber], [PhoneNumberConfirmed], [SecurityStamp], [TwoFactorEnabled], [UserName], [Name], [Surname], [TimeZoneId], [Balance]) VALUES (N'0486833e-5eed-4c40-b9b9-b2cab96d8447', 0, N'b436a615-1605-4a3a-b1b7-41e8a2b9a0ba', N'event@example.com', 0, 1, NULL, N'EVENT@EXAMPLE.COM', N'EVENTMANAGER', N'AQAAAAEAACcQAAAAEB4xka8VKcLnhRvdqBH75vyX5PB1dbxkqz97L3y44MYbsUc7sTgt7IMX3K8cms+I6g==', NULL, 0, N'WCLAMRHOPDAWLZPPXAWLPYE5DYIUGVGL', 0, N'EventManager', N'Petr', N'Petrov', N'Europe/Minsk', CAST(500.0000 AS Decimal(18, 4)))
INSERT [dbo].[AspNetUsers] ([Id], [AccessFailedCount], [ConcurrencyStamp], [Email], [EmailConfirmed], [LockoutEnabled], [LockoutEnd], [NormalizedEmail], [NormalizedUserName], [PasswordHash], [PhoneNumber], [PhoneNumberConfirmed], [SecurityStamp], [TwoFactorEnabled], [UserName], [Name], [Surname], [TimeZoneId], [Balance]) VALUES (N'367cc9ca-c6f9-491f-abe8-79ca35f37192', 0, N'e2015cca-c46f-47d3-a645-e2e43f309888', N'venue@example.com', 0, 1, NULL, N'VENUE@EXAMPLE.COM', N'VENUEMANAGER', N'AQAAAAEAACcQAAAAEDrDl2dcSxGBVo05jzdmIMbFTG8dpsM3pInM3fbq83upKjlUczP2bjEw+/jkzTPdnA==', NULL, 0, N'YE3L6HNMJY43PFZAT74FTPWBCAHJYVJD', 0, N'VenueManager', N'Ivan', N'Ivanov', N'Europe/Minsk', CAST(200.0000 AS Decimal(18, 4)))
INSERT [dbo].[AspNetUsers] ([Id], [AccessFailedCount], [ConcurrencyStamp], [Email], [EmailConfirmed], [LockoutEnabled], [LockoutEnd], [NormalizedEmail], [NormalizedUserName], [PasswordHash], [PhoneNumber], [PhoneNumberConfirmed], [SecurityStamp], [TwoFactorEnabled], [UserName], [Name], [Surname], [TimeZoneId], [Balance]) VALUES (N'8837789f-6527-4f1f-851e-3381ac918699', 0, N'31de1598-6e2c-439f-bf49-a41c7234157d', N'user@example.com', 0, 1, NULL, N'USER@EXAMPLE.COM', N'USER', N'AQAAAAEAACcQAAAAEITb0Y3TBrLHromsUTr99LGV73Wv+wnIXNPZpKt/OwH9CDJl2gSSvImI4IW2qeXGGg==', NULL, 0, N'7AVY46NWYSXH4ZLV7DX7DLKUP5M7YN3A', 0, N'User', N'Artem', N'Artemov', N'Europe/Minsk', CAST(765.0000 AS Decimal(18, 4)))
GO
INSERT [dbo].[AspNetUserRoles] ([UserId], [RoleId]) VALUES (N'0486833e-5eed-4c40-b9b9-b2cab96d8447', N'7b635bd8-5d14-4481-abde-d9923be95591')
INSERT [dbo].[AspNetUserRoles] ([UserId], [RoleId]) VALUES (N'367cc9ca-c6f9-491f-abe8-79ca35f37192', N'b5a38052-f047-4818-83c3-14d3923af6f0')
INSERT [dbo].[AspNetUserRoles] ([UserId], [RoleId]) VALUES (N'8837789f-6527-4f1f-851e-3381ac918699', N'c3dfce79-8335-44b5-8aed-372752a35ffd')
INSERT [dbo].[AspNetUserRoles] ([UserId], [RoleId]) VALUES (N'367cc9ca-c6f9-491f-abe8-79ca35f37192', N'7b635bd8-5d14-4481-abde-d9923be95591')
INSERT [dbo].[AspNetUserRoles] ([UserId], [RoleId]) VALUES (N'367cc9ca-c6f9-491f-abe8-79ca35f37192', N'c3dfce79-8335-44b5-8aed-372752a35ffd')
GO
SET IDENTITY_INSERT [dbo].[Event] ON 

INSERT [dbo].[Event] ([Id], [Name], [Description], [Start], [Finish], [LayoutId], [Image]) VALUES (1, N'Щелкунчик', N'Интересный балет в двух актах', CAST(N'2022-01-01T09:00:00.000' AS DateTime), CAST(N'2022-01-01T11:00:00.000' AS DateTime), 1, N'eventImages/1.png')
INSERT [dbo].[Event] ([Id], [Name], [Description], [Start], [Finish], [LayoutId], [Image]) VALUES (2, N'Viva commedia!', N'Риккардо Пиппа
«Viva Commedia!»
Комедия дель арте', CAST(N'2022-01-01T12:15:00.000' AS DateTime), CAST(N'2022-01-01T14:25:00.000' AS DateTime), 2, N'eventImages/2.png')
INSERT [dbo].[Event] ([Id], [Name], [Description], [Start], [Finish], [LayoutId], [Image]) VALUES (3, N'Orchestra', N'High-quality sound', CAST(N'2022-01-10T09:40:00.000' AS DateTime), CAST(N'2022-01-10T11:45:00.000' AS DateTime), 1, N'eventImages/3.png')
INSERT [dbo].[Event] ([Id], [Name], [Description], [Start], [Finish], [LayoutId], [Image]) VALUES (4, N'Anna Corenina concert', N'Excellent artist', CAST(N'2022-02-15T15:00:00.000' AS DateTime), CAST(N'2022-02-15T16:00:00.000' AS DateTime), 2, N'eventImages/4.png')
INSERT [dbo].[Event] ([Id], [Name], [Description], [Start], [Finish], [LayoutId], [Image]) VALUES (5, N'Carmen concert', N'Good music', CAST(N'2022-03-10T15:00:00.000' AS DateTime), CAST(N'2022-03-10T18:00:00.000' AS DateTime), 4, N'eventImages/5.png')
INSERT [dbo].[Event] ([Id], [Name], [Description], [Start], [Finish], [LayoutId], [Image]) VALUES (6, N'Swan lake', N'Classic performance', CAST(N'2022-03-02T12:15:00.000' AS DateTime), CAST(N'2022-03-02T14:15:00.000' AS DateTime), 1, N'eventImages/6.png')
INSERT [dbo].[Event] ([Id], [Name], [Description], [Start], [Finish], [LayoutId], [Image]) VALUES (7, N'Silvia', N'Theatre performance in two acts', CAST(N'2022-02-03T15:00:00.000' AS DateTime), CAST(N'2022-02-03T16:20:00.000' AS DateTime), 3, N'eventImages/7.png')
INSERT [dbo].[Event] ([Id], [Name], [Description], [Start], [Finish], [LayoutId], [Image]) VALUES (8, N'CROK & AVIAS', N'New concert program', CAST(N'2022-02-05T13:30:00.000' AS DateTime), CAST(N'2022-02-05T16:30:00.000' AS DateTime), 1, N'eventImages/8.png')
INSERT [dbo].[Event] ([Id], [Name], [Description], [Start], [Finish], [LayoutId], [Image]) VALUES (9, N'Евгений Онегин', N'Спектакль по одноименному роману Александра Пушкина', CAST(N'2022-04-10T15:00:00.000' AS DateTime), CAST(N'2022-04-10T17:00:00.000' AS DateTime), 3, N'eventImages/9.png')
INSERT [dbo].[Event] ([Id], [Name], [Description], [Start], [Finish], [LayoutId], [Image]) VALUES (10, N'Faust', N'New theatre performance', CAST(N'2022-02-25T12:00:00.000' AS DateTime), CAST(N'2022-02-25T17:00:00.000' AS DateTime), 2, N'eventImages/10.png')
SET IDENTITY_INSERT [dbo].[Event] OFF
GO
SET IDENTITY_INSERT [dbo].[EventArea] ON 

INSERT [dbo].[EventArea] ([Id], [EventId], [Description], [CoordX], [CoordY], [Price], [Color]) VALUES (1, 1, N'Premium area', 9, 9, CAST(20 AS Decimal(18, 0)), N'#3fde5f')
INSERT [dbo].[EventArea] ([Id], [EventId], [Description], [CoordX], [CoordY], [Price], [Color]) VALUES (2, 1, N'Standart area', 9, 4, CAST(30 AS Decimal(18, 0)), N'#efe22a')
INSERT [dbo].[EventArea] ([Id], [EventId], [Description], [CoordX], [CoordY], [Price], [Color]) VALUES (3, 2, N'Премиум', 3, 4, CAST(40 AS Decimal(18, 0)), N'#4a3fee')
INSERT [dbo].[EventArea] ([Id], [EventId], [Description], [CoordX], [CoordY], [Price], [Color]) VALUES (4, 2, N'Стандартная', 4, 6, CAST(20 AS Decimal(18, 0)), N'#2dda16')
INSERT [dbo].[EventArea] ([Id], [EventId], [Description], [CoordX], [CoordY], [Price], [Color]) VALUES (5, 3, N'Premium area', 9, 9, CAST(30 AS Decimal(18, 0)), N'#3fde5f')
INSERT [dbo].[EventArea] ([Id], [EventId], [Description], [CoordX], [CoordY], [Price], [Color]) VALUES (6, 3, N'Standart area', 9, 4, CAST(50 AS Decimal(18, 0)), N'#efe22a')
INSERT [dbo].[EventArea] ([Id], [EventId], [Description], [CoordX], [CoordY], [Price], [Color]) VALUES (7, 4, N'Премиум', 3, 4, CAST(12 AS Decimal(18, 0)), N'#4a3fee')
INSERT [dbo].[EventArea] ([Id], [EventId], [Description], [CoordX], [CoordY], [Price], [Color]) VALUES (8, 4, N'Стандартная', 4, 6, CAST(20 AS Decimal(18, 0)), N'#2dda16')
INSERT [dbo].[EventArea] ([Id], [EventId], [Description], [CoordX], [CoordY], [Price], [Color]) VALUES (9, 5, N'Standart area', 2, 1, CAST(10 AS Decimal(18, 0)), N'#44d5c4')
INSERT [dbo].[EventArea] ([Id], [EventId], [Description], [CoordX], [CoordY], [Price], [Color]) VALUES (10, 5, N'Premium area', 1, 3, CAST(15 AS Decimal(18, 0)), N'#f16c13')
INSERT [dbo].[EventArea] ([Id], [EventId], [Description], [CoordX], [CoordY], [Price], [Color]) VALUES (11, 6, N'Premium area', 9, 9, CAST(20 AS Decimal(18, 0)), N'#3fde5f')
INSERT [dbo].[EventArea] ([Id], [EventId], [Description], [CoordX], [CoordY], [Price], [Color]) VALUES (12, 6, N'Standart area', 9, 4, CAST(15 AS Decimal(18, 0)), N'#efe22a')
INSERT [dbo].[EventArea] ([Id], [EventId], [Description], [CoordX], [CoordY], [Price], [Color]) VALUES (13, 7, N'Premium area', 4, 1, CAST(60 AS Decimal(18, 0)), N'#d72bee')
INSERT [dbo].[EventArea] ([Id], [EventId], [Description], [CoordX], [CoordY], [Price], [Color]) VALUES (14, 8, N'Premium area', 9, 9, CAST(60 AS Decimal(18, 0)), N'#3fde5f')
INSERT [dbo].[EventArea] ([Id], [EventId], [Description], [CoordX], [CoordY], [Price], [Color]) VALUES (15, 8, N'Standart area', 9, 4, CAST(50 AS Decimal(18, 0)), N'#efe22a')
INSERT [dbo].[EventArea] ([Id], [EventId], [Description], [CoordX], [CoordY], [Price], [Color]) VALUES (16, 9, N'Premium area', 4, 1, CAST(9 AS Decimal(18, 0)), N'#d72bee')
INSERT [dbo].[EventArea] ([Id], [EventId], [Description], [CoordX], [CoordY], [Price], [Color]) VALUES (17, 10, N'Премиум', 3, 4, CAST(15 AS Decimal(18, 0)), N'#4a3fee')
INSERT [dbo].[EventArea] ([Id], [EventId], [Description], [CoordX], [CoordY], [Price], [Color]) VALUES (18, 10, N'Стандартная', 4, 6, CAST(50 AS Decimal(18, 0)), N'#2dda16')
SET IDENTITY_INSERT [dbo].[EventArea] OFF
GO
SET IDENTITY_INSERT [dbo].[EventSeat] ON 

INSERT [dbo].[EventSeat] ([Id], [EventAreaId], [Row], [Number], [State], [UserId]) VALUES (1, 1, 1, 1, 0, NULL)
INSERT [dbo].[EventSeat] ([Id], [EventAreaId], [Row], [Number], [State], [UserId]) VALUES (2, 1, 2, 1, 0, NULL)
INSERT [dbo].[EventSeat] ([Id], [EventAreaId], [Row], [Number], [State], [UserId]) VALUES (3, 1, 3, 1, 0, NULL)
INSERT [dbo].[EventSeat] ([Id], [EventAreaId], [Row], [Number], [State], [UserId]) VALUES (4, 1, 4, 1, 0, NULL)
INSERT [dbo].[EventSeat] ([Id], [EventAreaId], [Row], [Number], [State], [UserId]) VALUES (5, 1, 5, 1, 0, NULL)
INSERT [dbo].[EventSeat] ([Id], [EventAreaId], [Row], [Number], [State], [UserId]) VALUES (6, 1, 1, 2, 0, NULL)
INSERT [dbo].[EventSeat] ([Id], [EventAreaId], [Row], [Number], [State], [UserId]) VALUES (7, 1, 2, 2, 0, NULL)
INSERT [dbo].[EventSeat] ([Id], [EventAreaId], [Row], [Number], [State], [UserId]) VALUES (8, 1, 3, 2, 0, NULL)
INSERT [dbo].[EventSeat] ([Id], [EventAreaId], [Row], [Number], [State], [UserId]) VALUES (9, 1, 4, 2, 0, NULL)
INSERT [dbo].[EventSeat] ([Id], [EventAreaId], [Row], [Number], [State], [UserId]) VALUES (10, 1, 5, 2, 0, NULL)
INSERT [dbo].[EventSeat] ([Id], [EventAreaId], [Row], [Number], [State], [UserId]) VALUES (11, 1, 1, 3, 0, NULL)
INSERT [dbo].[EventSeat] ([Id], [EventAreaId], [Row], [Number], [State], [UserId]) VALUES (12, 1, 2, 3, 0, NULL)
INSERT [dbo].[EventSeat] ([Id], [EventAreaId], [Row], [Number], [State], [UserId]) VALUES (13, 1, 3, 3, 0, NULL)
INSERT [dbo].[EventSeat] ([Id], [EventAreaId], [Row], [Number], [State], [UserId]) VALUES (14, 1, 4, 3, 0, NULL)
INSERT [dbo].[EventSeat] ([Id], [EventAreaId], [Row], [Number], [State], [UserId]) VALUES (15, 1, 5, 3, 0, NULL)
INSERT [dbo].[EventSeat] ([Id], [EventAreaId], [Row], [Number], [State], [UserId]) VALUES (16, 1, 1, 4, 0, NULL)
INSERT [dbo].[EventSeat] ([Id], [EventAreaId], [Row], [Number], [State], [UserId]) VALUES (17, 1, 2, 4, 0, NULL)
INSERT [dbo].[EventSeat] ([Id], [EventAreaId], [Row], [Number], [State], [UserId]) VALUES (18, 1, 3, 4, 0, NULL)
INSERT [dbo].[EventSeat] ([Id], [EventAreaId], [Row], [Number], [State], [UserId]) VALUES (19, 1, 4, 4, 0, NULL)
INSERT [dbo].[EventSeat] ([Id], [EventAreaId], [Row], [Number], [State], [UserId]) VALUES (20, 1, 5, 4, 0, NULL)
INSERT [dbo].[EventSeat] ([Id], [EventAreaId], [Row], [Number], [State], [UserId]) VALUES (21, 1, 1, 5, 0, NULL)
INSERT [dbo].[EventSeat] ([Id], [EventAreaId], [Row], [Number], [State], [UserId]) VALUES (22, 1, 2, 5, 0, NULL)
INSERT [dbo].[EventSeat] ([Id], [EventAreaId], [Row], [Number], [State], [UserId]) VALUES (23, 1, 3, 5, 0, NULL)
INSERT [dbo].[EventSeat] ([Id], [EventAreaId], [Row], [Number], [State], [UserId]) VALUES (24, 1, 4, 5, 0, NULL)
INSERT [dbo].[EventSeat] ([Id], [EventAreaId], [Row], [Number], [State], [UserId]) VALUES (25, 1, 5, 5, 0, NULL)
INSERT [dbo].[EventSeat] ([Id], [EventAreaId], [Row], [Number], [State], [UserId]) VALUES (26, 1, 1, 6, 0, NULL)
INSERT [dbo].[EventSeat] ([Id], [EventAreaId], [Row], [Number], [State], [UserId]) VALUES (27, 1, 2, 6, 0, NULL)
INSERT [dbo].[EventSeat] ([Id], [EventAreaId], [Row], [Number], [State], [UserId]) VALUES (28, 1, 3, 6, 0, NULL)
INSERT [dbo].[EventSeat] ([Id], [EventAreaId], [Row], [Number], [State], [UserId]) VALUES (29, 1, 4, 6, 0, NULL)
INSERT [dbo].[EventSeat] ([Id], [EventAreaId], [Row], [Number], [State], [UserId]) VALUES (30, 1, 5, 6, 0, NULL)
INSERT [dbo].[EventSeat] ([Id], [EventAreaId], [Row], [Number], [State], [UserId]) VALUES (31, 1, 1, 7, 0, NULL)
INSERT [dbo].[EventSeat] ([Id], [EventAreaId], [Row], [Number], [State], [UserId]) VALUES (32, 1, 2, 7, 0, NULL)
INSERT [dbo].[EventSeat] ([Id], [EventAreaId], [Row], [Number], [State], [UserId]) VALUES (33, 1, 3, 7, 0, NULL)
INSERT [dbo].[EventSeat] ([Id], [EventAreaId], [Row], [Number], [State], [UserId]) VALUES (34, 1, 4, 7, 0, NULL)
INSERT [dbo].[EventSeat] ([Id], [EventAreaId], [Row], [Number], [State], [UserId]) VALUES (35, 1, 5, 7, 0, NULL)
INSERT [dbo].[EventSeat] ([Id], [EventAreaId], [Row], [Number], [State], [UserId]) VALUES (36, 1, 1, 8, 0, NULL)
INSERT [dbo].[EventSeat] ([Id], [EventAreaId], [Row], [Number], [State], [UserId]) VALUES (37, 1, 2, 8, 0, NULL)
INSERT [dbo].[EventSeat] ([Id], [EventAreaId], [Row], [Number], [State], [UserId]) VALUES (38, 1, 3, 8, 0, NULL)
INSERT [dbo].[EventSeat] ([Id], [EventAreaId], [Row], [Number], [State], [UserId]) VALUES (39, 1, 4, 8, 0, NULL)
INSERT [dbo].[EventSeat] ([Id], [EventAreaId], [Row], [Number], [State], [UserId]) VALUES (40, 1, 5, 8, 0, NULL)
INSERT [dbo].[EventSeat] ([Id], [EventAreaId], [Row], [Number], [State], [UserId]) VALUES (41, 1, 1, 9, 0, NULL)
INSERT [dbo].[EventSeat] ([Id], [EventAreaId], [Row], [Number], [State], [UserId]) VALUES (42, 1, 2, 9, 0, NULL)
INSERT [dbo].[EventSeat] ([Id], [EventAreaId], [Row], [Number], [State], [UserId]) VALUES (43, 1, 3, 9, 0, NULL)
INSERT [dbo].[EventSeat] ([Id], [EventAreaId], [Row], [Number], [State], [UserId]) VALUES (44, 1, 4, 9, 0, NULL)
INSERT [dbo].[EventSeat] ([Id], [EventAreaId], [Row], [Number], [State], [UserId]) VALUES (45, 1, 5, 9, 0, NULL)
INSERT [dbo].[EventSeat] ([Id], [EventAreaId], [Row], [Number], [State], [UserId]) VALUES (46, 1, 1, 10, 0, NULL)
INSERT [dbo].[EventSeat] ([Id], [EventAreaId], [Row], [Number], [State], [UserId]) VALUES (47, 1, 2, 10, 0, NULL)
INSERT [dbo].[EventSeat] ([Id], [EventAreaId], [Row], [Number], [State], [UserId]) VALUES (48, 1, 3, 10, 0, NULL)
INSERT [dbo].[EventSeat] ([Id], [EventAreaId], [Row], [Number], [State], [UserId]) VALUES (49, 1, 4, 10, 0, NULL)
INSERT [dbo].[EventSeat] ([Id], [EventAreaId], [Row], [Number], [State], [UserId]) VALUES (50, 1, 5, 10, 0, NULL)
INSERT [dbo].[EventSeat] ([Id], [EventAreaId], [Row], [Number], [State], [UserId]) VALUES (51, 2, 1, 1, 0, NULL)
INSERT [dbo].[EventSeat] ([Id], [EventAreaId], [Row], [Number], [State], [UserId]) VALUES (52, 2, 2, 1, 0, NULL)
INSERT [dbo].[EventSeat] ([Id], [EventAreaId], [Row], [Number], [State], [UserId]) VALUES (53, 2, 3, 1, 0, NULL)
INSERT [dbo].[EventSeat] ([Id], [EventAreaId], [Row], [Number], [State], [UserId]) VALUES (54, 2, 1, 2, 0, NULL)
INSERT [dbo].[EventSeat] ([Id], [EventAreaId], [Row], [Number], [State], [UserId]) VALUES (55, 2, 2, 2, 0, NULL)
INSERT [dbo].[EventSeat] ([Id], [EventAreaId], [Row], [Number], [State], [UserId]) VALUES (56, 2, 3, 2, 0, NULL)
INSERT [dbo].[EventSeat] ([Id], [EventAreaId], [Row], [Number], [State], [UserId]) VALUES (57, 2, 1, 3, 0, NULL)
INSERT [dbo].[EventSeat] ([Id], [EventAreaId], [Row], [Number], [State], [UserId]) VALUES (58, 2, 2, 3, 0, NULL)
INSERT [dbo].[EventSeat] ([Id], [EventAreaId], [Row], [Number], [State], [UserId]) VALUES (59, 2, 3, 3, 0, NULL)
INSERT [dbo].[EventSeat] ([Id], [EventAreaId], [Row], [Number], [State], [UserId]) VALUES (60, 2, 1, 4, 0, NULL)
INSERT [dbo].[EventSeat] ([Id], [EventAreaId], [Row], [Number], [State], [UserId]) VALUES (61, 2, 2, 4, 0, NULL)
INSERT [dbo].[EventSeat] ([Id], [EventAreaId], [Row], [Number], [State], [UserId]) VALUES (62, 2, 3, 4, 0, NULL)
INSERT [dbo].[EventSeat] ([Id], [EventAreaId], [Row], [Number], [State], [UserId]) VALUES (63, 2, 1, 5, 0, NULL)
INSERT [dbo].[EventSeat] ([Id], [EventAreaId], [Row], [Number], [State], [UserId]) VALUES (64, 2, 2, 5, 0, NULL)
INSERT [dbo].[EventSeat] ([Id], [EventAreaId], [Row], [Number], [State], [UserId]) VALUES (65, 2, 3, 5, 0, NULL)
INSERT [dbo].[EventSeat] ([Id], [EventAreaId], [Row], [Number], [State], [UserId]) VALUES (66, 2, 1, 6, 0, NULL)
INSERT [dbo].[EventSeat] ([Id], [EventAreaId], [Row], [Number], [State], [UserId]) VALUES (67, 2, 2, 6, 0, NULL)
INSERT [dbo].[EventSeat] ([Id], [EventAreaId], [Row], [Number], [State], [UserId]) VALUES (68, 2, 3, 6, 0, NULL)
INSERT [dbo].[EventSeat] ([Id], [EventAreaId], [Row], [Number], [State], [UserId]) VALUES (69, 2, 1, 7, 0, NULL)
INSERT [dbo].[EventSeat] ([Id], [EventAreaId], [Row], [Number], [State], [UserId]) VALUES (70, 2, 2, 7, 0, NULL)
INSERT [dbo].[EventSeat] ([Id], [EventAreaId], [Row], [Number], [State], [UserId]) VALUES (71, 2, 3, 7, 0, NULL)
INSERT [dbo].[EventSeat] ([Id], [EventAreaId], [Row], [Number], [State], [UserId]) VALUES (72, 2, 1, 8, 0, NULL)
INSERT [dbo].[EventSeat] ([Id], [EventAreaId], [Row], [Number], [State], [UserId]) VALUES (73, 2, 2, 8, 0, NULL)
INSERT [dbo].[EventSeat] ([Id], [EventAreaId], [Row], [Number], [State], [UserId]) VALUES (74, 2, 3, 8, 0, NULL)
INSERT [dbo].[EventSeat] ([Id], [EventAreaId], [Row], [Number], [State], [UserId]) VALUES (75, 2, 1, 9, 0, NULL)
INSERT [dbo].[EventSeat] ([Id], [EventAreaId], [Row], [Number], [State], [UserId]) VALUES (76, 2, 2, 9, 0, NULL)
INSERT [dbo].[EventSeat] ([Id], [EventAreaId], [Row], [Number], [State], [UserId]) VALUES (77, 2, 3, 9, 0, NULL)
INSERT [dbo].[EventSeat] ([Id], [EventAreaId], [Row], [Number], [State], [UserId]) VALUES (78, 2, 1, 10, 0, NULL)
INSERT [dbo].[EventSeat] ([Id], [EventAreaId], [Row], [Number], [State], [UserId]) VALUES (79, 2, 2, 10, 0, NULL)
INSERT [dbo].[EventSeat] ([Id], [EventAreaId], [Row], [Number], [State], [UserId]) VALUES (80, 2, 3, 10, 0, NULL)
INSERT [dbo].[EventSeat] ([Id], [EventAreaId], [Row], [Number], [State], [UserId]) VALUES (81, 3, 1, 1, 0, NULL)
INSERT [dbo].[EventSeat] ([Id], [EventAreaId], [Row], [Number], [State], [UserId]) VALUES (82, 3, 2, 1, 0, NULL)
INSERT [dbo].[EventSeat] ([Id], [EventAreaId], [Row], [Number], [State], [UserId]) VALUES (83, 3, 1, 2, 0, NULL)
INSERT [dbo].[EventSeat] ([Id], [EventAreaId], [Row], [Number], [State], [UserId]) VALUES (84, 3, 2, 2, 0, NULL)
INSERT [dbo].[EventSeat] ([Id], [EventAreaId], [Row], [Number], [State], [UserId]) VALUES (85, 3, 1, 3, 0, NULL)
INSERT [dbo].[EventSeat] ([Id], [EventAreaId], [Row], [Number], [State], [UserId]) VALUES (86, 3, 2, 3, 1, N'8837789f-6527-4f1f-851e-3381ac918699')
INSERT [dbo].[EventSeat] ([Id], [EventAreaId], [Row], [Number], [State], [UserId]) VALUES (87, 3, 1, 4, 0, NULL)
INSERT [dbo].[EventSeat] ([Id], [EventAreaId], [Row], [Number], [State], [UserId]) VALUES (88, 3, 2, 4, 0, NULL)
INSERT [dbo].[EventSeat] ([Id], [EventAreaId], [Row], [Number], [State], [UserId]) VALUES (89, 3, 1, 5, 0, NULL)
INSERT [dbo].[EventSeat] ([Id], [EventAreaId], [Row], [Number], [State], [UserId]) VALUES (90, 3, 2, 5, 0, NULL)
INSERT [dbo].[EventSeat] ([Id], [EventAreaId], [Row], [Number], [State], [UserId]) VALUES (91, 4, 1, 1, 0, NULL)
INSERT [dbo].[EventSeat] ([Id], [EventAreaId], [Row], [Number], [State], [UserId]) VALUES (92, 4, 2, 1, 0, NULL)
INSERT [dbo].[EventSeat] ([Id], [EventAreaId], [Row], [Number], [State], [UserId]) VALUES (93, 4, 3, 1, 0, NULL)
INSERT [dbo].[EventSeat] ([Id], [EventAreaId], [Row], [Number], [State], [UserId]) VALUES (94, 4, 1, 2, 1, N'8837789f-6527-4f1f-851e-3381ac918699')
INSERT [dbo].[EventSeat] ([Id], [EventAreaId], [Row], [Number], [State], [UserId]) VALUES (95, 4, 2, 2, 0, NULL)
INSERT [dbo].[EventSeat] ([Id], [EventAreaId], [Row], [Number], [State], [UserId]) VALUES (96, 4, 3, 2, 0, NULL)
INSERT [dbo].[EventSeat] ([Id], [EventAreaId], [Row], [Number], [State], [UserId]) VALUES (97, 4, 1, 3, 0, NULL)
INSERT [dbo].[EventSeat] ([Id], [EventAreaId], [Row], [Number], [State], [UserId]) VALUES (98, 4, 2, 3, 0, NULL)
INSERT [dbo].[EventSeat] ([Id], [EventAreaId], [Row], [Number], [State], [UserId]) VALUES (99, 4, 3, 3, 0, NULL)
GO
INSERT [dbo].[EventSeat] ([Id], [EventAreaId], [Row], [Number], [State], [UserId]) VALUES (100, 5, 1, 1, 0, NULL)
INSERT [dbo].[EventSeat] ([Id], [EventAreaId], [Row], [Number], [State], [UserId]) VALUES (101, 5, 2, 1, 0, NULL)
INSERT [dbo].[EventSeat] ([Id], [EventAreaId], [Row], [Number], [State], [UserId]) VALUES (102, 5, 3, 1, 0, NULL)
INSERT [dbo].[EventSeat] ([Id], [EventAreaId], [Row], [Number], [State], [UserId]) VALUES (103, 5, 4, 1, 0, NULL)
INSERT [dbo].[EventSeat] ([Id], [EventAreaId], [Row], [Number], [State], [UserId]) VALUES (104, 5, 5, 1, 0, NULL)
INSERT [dbo].[EventSeat] ([Id], [EventAreaId], [Row], [Number], [State], [UserId]) VALUES (105, 5, 1, 2, 0, NULL)
INSERT [dbo].[EventSeat] ([Id], [EventAreaId], [Row], [Number], [State], [UserId]) VALUES (106, 5, 2, 2, 0, NULL)
INSERT [dbo].[EventSeat] ([Id], [EventAreaId], [Row], [Number], [State], [UserId]) VALUES (107, 5, 3, 2, 0, NULL)
INSERT [dbo].[EventSeat] ([Id], [EventAreaId], [Row], [Number], [State], [UserId]) VALUES (108, 5, 4, 2, 0, NULL)
INSERT [dbo].[EventSeat] ([Id], [EventAreaId], [Row], [Number], [State], [UserId]) VALUES (109, 5, 5, 2, 0, NULL)
INSERT [dbo].[EventSeat] ([Id], [EventAreaId], [Row], [Number], [State], [UserId]) VALUES (110, 5, 1, 3, 0, NULL)
INSERT [dbo].[EventSeat] ([Id], [EventAreaId], [Row], [Number], [State], [UserId]) VALUES (111, 5, 2, 3, 0, NULL)
INSERT [dbo].[EventSeat] ([Id], [EventAreaId], [Row], [Number], [State], [UserId]) VALUES (112, 5, 3, 3, 0, NULL)
INSERT [dbo].[EventSeat] ([Id], [EventAreaId], [Row], [Number], [State], [UserId]) VALUES (113, 5, 4, 3, 0, NULL)
INSERT [dbo].[EventSeat] ([Id], [EventAreaId], [Row], [Number], [State], [UserId]) VALUES (114, 5, 5, 3, 0, NULL)
INSERT [dbo].[EventSeat] ([Id], [EventAreaId], [Row], [Number], [State], [UserId]) VALUES (115, 5, 1, 4, 0, NULL)
INSERT [dbo].[EventSeat] ([Id], [EventAreaId], [Row], [Number], [State], [UserId]) VALUES (116, 5, 2, 4, 0, NULL)
INSERT [dbo].[EventSeat] ([Id], [EventAreaId], [Row], [Number], [State], [UserId]) VALUES (117, 5, 3, 4, 0, NULL)
INSERT [dbo].[EventSeat] ([Id], [EventAreaId], [Row], [Number], [State], [UserId]) VALUES (118, 5, 4, 4, 0, NULL)
INSERT [dbo].[EventSeat] ([Id], [EventAreaId], [Row], [Number], [State], [UserId]) VALUES (119, 5, 5, 4, 0, NULL)
INSERT [dbo].[EventSeat] ([Id], [EventAreaId], [Row], [Number], [State], [UserId]) VALUES (120, 5, 1, 5, 0, NULL)
INSERT [dbo].[EventSeat] ([Id], [EventAreaId], [Row], [Number], [State], [UserId]) VALUES (121, 5, 2, 5, 0, NULL)
INSERT [dbo].[EventSeat] ([Id], [EventAreaId], [Row], [Number], [State], [UserId]) VALUES (122, 5, 3, 5, 0, NULL)
INSERT [dbo].[EventSeat] ([Id], [EventAreaId], [Row], [Number], [State], [UserId]) VALUES (123, 5, 4, 5, 0, NULL)
INSERT [dbo].[EventSeat] ([Id], [EventAreaId], [Row], [Number], [State], [UserId]) VALUES (124, 5, 5, 5, 0, NULL)
INSERT [dbo].[EventSeat] ([Id], [EventAreaId], [Row], [Number], [State], [UserId]) VALUES (125, 5, 1, 6, 0, NULL)
INSERT [dbo].[EventSeat] ([Id], [EventAreaId], [Row], [Number], [State], [UserId]) VALUES (126, 5, 2, 6, 0, NULL)
INSERT [dbo].[EventSeat] ([Id], [EventAreaId], [Row], [Number], [State], [UserId]) VALUES (127, 5, 3, 6, 0, NULL)
INSERT [dbo].[EventSeat] ([Id], [EventAreaId], [Row], [Number], [State], [UserId]) VALUES (128, 5, 4, 6, 0, NULL)
INSERT [dbo].[EventSeat] ([Id], [EventAreaId], [Row], [Number], [State], [UserId]) VALUES (129, 5, 5, 6, 0, NULL)
INSERT [dbo].[EventSeat] ([Id], [EventAreaId], [Row], [Number], [State], [UserId]) VALUES (130, 5, 1, 7, 0, NULL)
INSERT [dbo].[EventSeat] ([Id], [EventAreaId], [Row], [Number], [State], [UserId]) VALUES (131, 5, 2, 7, 0, NULL)
INSERT [dbo].[EventSeat] ([Id], [EventAreaId], [Row], [Number], [State], [UserId]) VALUES (132, 5, 3, 7, 0, NULL)
INSERT [dbo].[EventSeat] ([Id], [EventAreaId], [Row], [Number], [State], [UserId]) VALUES (133, 5, 4, 7, 0, NULL)
INSERT [dbo].[EventSeat] ([Id], [EventAreaId], [Row], [Number], [State], [UserId]) VALUES (134, 5, 5, 7, 0, NULL)
INSERT [dbo].[EventSeat] ([Id], [EventAreaId], [Row], [Number], [State], [UserId]) VALUES (135, 5, 1, 8, 0, NULL)
INSERT [dbo].[EventSeat] ([Id], [EventAreaId], [Row], [Number], [State], [UserId]) VALUES (136, 5, 2, 8, 0, NULL)
INSERT [dbo].[EventSeat] ([Id], [EventAreaId], [Row], [Number], [State], [UserId]) VALUES (137, 5, 3, 8, 0, NULL)
INSERT [dbo].[EventSeat] ([Id], [EventAreaId], [Row], [Number], [State], [UserId]) VALUES (138, 5, 4, 8, 0, NULL)
INSERT [dbo].[EventSeat] ([Id], [EventAreaId], [Row], [Number], [State], [UserId]) VALUES (139, 5, 5, 8, 0, NULL)
INSERT [dbo].[EventSeat] ([Id], [EventAreaId], [Row], [Number], [State], [UserId]) VALUES (140, 5, 1, 9, 0, NULL)
INSERT [dbo].[EventSeat] ([Id], [EventAreaId], [Row], [Number], [State], [UserId]) VALUES (141, 5, 2, 9, 0, NULL)
INSERT [dbo].[EventSeat] ([Id], [EventAreaId], [Row], [Number], [State], [UserId]) VALUES (142, 5, 3, 9, 0, NULL)
INSERT [dbo].[EventSeat] ([Id], [EventAreaId], [Row], [Number], [State], [UserId]) VALUES (143, 5, 4, 9, 0, NULL)
INSERT [dbo].[EventSeat] ([Id], [EventAreaId], [Row], [Number], [State], [UserId]) VALUES (144, 5, 5, 9, 0, NULL)
INSERT [dbo].[EventSeat] ([Id], [EventAreaId], [Row], [Number], [State], [UserId]) VALUES (145, 5, 1, 10, 0, NULL)
INSERT [dbo].[EventSeat] ([Id], [EventAreaId], [Row], [Number], [State], [UserId]) VALUES (146, 5, 2, 10, 0, NULL)
INSERT [dbo].[EventSeat] ([Id], [EventAreaId], [Row], [Number], [State], [UserId]) VALUES (147, 5, 3, 10, 0, NULL)
INSERT [dbo].[EventSeat] ([Id], [EventAreaId], [Row], [Number], [State], [UserId]) VALUES (148, 5, 4, 10, 0, NULL)
INSERT [dbo].[EventSeat] ([Id], [EventAreaId], [Row], [Number], [State], [UserId]) VALUES (149, 5, 5, 10, 0, NULL)
INSERT [dbo].[EventSeat] ([Id], [EventAreaId], [Row], [Number], [State], [UserId]) VALUES (150, 6, 1, 1, 0, NULL)
INSERT [dbo].[EventSeat] ([Id], [EventAreaId], [Row], [Number], [State], [UserId]) VALUES (151, 6, 2, 1, 0, NULL)
INSERT [dbo].[EventSeat] ([Id], [EventAreaId], [Row], [Number], [State], [UserId]) VALUES (152, 6, 3, 1, 0, NULL)
INSERT [dbo].[EventSeat] ([Id], [EventAreaId], [Row], [Number], [State], [UserId]) VALUES (153, 6, 1, 2, 0, NULL)
INSERT [dbo].[EventSeat] ([Id], [EventAreaId], [Row], [Number], [State], [UserId]) VALUES (154, 6, 2, 2, 0, NULL)
INSERT [dbo].[EventSeat] ([Id], [EventAreaId], [Row], [Number], [State], [UserId]) VALUES (155, 6, 3, 2, 0, NULL)
INSERT [dbo].[EventSeat] ([Id], [EventAreaId], [Row], [Number], [State], [UserId]) VALUES (156, 6, 1, 3, 0, NULL)
INSERT [dbo].[EventSeat] ([Id], [EventAreaId], [Row], [Number], [State], [UserId]) VALUES (157, 6, 2, 3, 0, NULL)
INSERT [dbo].[EventSeat] ([Id], [EventAreaId], [Row], [Number], [State], [UserId]) VALUES (158, 6, 3, 3, 0, NULL)
INSERT [dbo].[EventSeat] ([Id], [EventAreaId], [Row], [Number], [State], [UserId]) VALUES (159, 6, 1, 4, 0, NULL)
INSERT [dbo].[EventSeat] ([Id], [EventAreaId], [Row], [Number], [State], [UserId]) VALUES (160, 6, 2, 4, 0, NULL)
INSERT [dbo].[EventSeat] ([Id], [EventAreaId], [Row], [Number], [State], [UserId]) VALUES (161, 6, 3, 4, 0, NULL)
INSERT [dbo].[EventSeat] ([Id], [EventAreaId], [Row], [Number], [State], [UserId]) VALUES (162, 6, 1, 5, 0, NULL)
INSERT [dbo].[EventSeat] ([Id], [EventAreaId], [Row], [Number], [State], [UserId]) VALUES (163, 6, 2, 5, 0, NULL)
INSERT [dbo].[EventSeat] ([Id], [EventAreaId], [Row], [Number], [State], [UserId]) VALUES (164, 6, 3, 5, 0, NULL)
INSERT [dbo].[EventSeat] ([Id], [EventAreaId], [Row], [Number], [State], [UserId]) VALUES (165, 6, 1, 6, 0, NULL)
INSERT [dbo].[EventSeat] ([Id], [EventAreaId], [Row], [Number], [State], [UserId]) VALUES (166, 6, 2, 6, 0, NULL)
INSERT [dbo].[EventSeat] ([Id], [EventAreaId], [Row], [Number], [State], [UserId]) VALUES (167, 6, 3, 6, 0, NULL)
INSERT [dbo].[EventSeat] ([Id], [EventAreaId], [Row], [Number], [State], [UserId]) VALUES (168, 6, 1, 7, 0, NULL)
INSERT [dbo].[EventSeat] ([Id], [EventAreaId], [Row], [Number], [State], [UserId]) VALUES (169, 6, 2, 7, 0, NULL)
INSERT [dbo].[EventSeat] ([Id], [EventAreaId], [Row], [Number], [State], [UserId]) VALUES (170, 6, 3, 7, 0, NULL)
INSERT [dbo].[EventSeat] ([Id], [EventAreaId], [Row], [Number], [State], [UserId]) VALUES (171, 6, 1, 8, 0, NULL)
INSERT [dbo].[EventSeat] ([Id], [EventAreaId], [Row], [Number], [State], [UserId]) VALUES (172, 6, 2, 8, 0, NULL)
INSERT [dbo].[EventSeat] ([Id], [EventAreaId], [Row], [Number], [State], [UserId]) VALUES (173, 6, 3, 8, 0, NULL)
INSERT [dbo].[EventSeat] ([Id], [EventAreaId], [Row], [Number], [State], [UserId]) VALUES (174, 6, 1, 9, 0, NULL)
INSERT [dbo].[EventSeat] ([Id], [EventAreaId], [Row], [Number], [State], [UserId]) VALUES (175, 6, 2, 9, 0, NULL)
INSERT [dbo].[EventSeat] ([Id], [EventAreaId], [Row], [Number], [State], [UserId]) VALUES (176, 6, 3, 9, 0, NULL)
INSERT [dbo].[EventSeat] ([Id], [EventAreaId], [Row], [Number], [State], [UserId]) VALUES (177, 6, 1, 10, 0, NULL)
INSERT [dbo].[EventSeat] ([Id], [EventAreaId], [Row], [Number], [State], [UserId]) VALUES (178, 6, 2, 10, 0, NULL)
INSERT [dbo].[EventSeat] ([Id], [EventAreaId], [Row], [Number], [State], [UserId]) VALUES (179, 6, 3, 10, 0, NULL)
INSERT [dbo].[EventSeat] ([Id], [EventAreaId], [Row], [Number], [State], [UserId]) VALUES (180, 7, 1, 1, 0, NULL)
INSERT [dbo].[EventSeat] ([Id], [EventAreaId], [Row], [Number], [State], [UserId]) VALUES (181, 7, 2, 1, 0, NULL)
INSERT [dbo].[EventSeat] ([Id], [EventAreaId], [Row], [Number], [State], [UserId]) VALUES (182, 7, 1, 2, 0, NULL)
INSERT [dbo].[EventSeat] ([Id], [EventAreaId], [Row], [Number], [State], [UserId]) VALUES (183, 7, 2, 2, 0, NULL)
INSERT [dbo].[EventSeat] ([Id], [EventAreaId], [Row], [Number], [State], [UserId]) VALUES (184, 7, 1, 3, 0, NULL)
INSERT [dbo].[EventSeat] ([Id], [EventAreaId], [Row], [Number], [State], [UserId]) VALUES (185, 7, 2, 3, 0, NULL)
INSERT [dbo].[EventSeat] ([Id], [EventAreaId], [Row], [Number], [State], [UserId]) VALUES (186, 7, 1, 4, 0, NULL)
INSERT [dbo].[EventSeat] ([Id], [EventAreaId], [Row], [Number], [State], [UserId]) VALUES (187, 7, 2, 4, 0, NULL)
INSERT [dbo].[EventSeat] ([Id], [EventAreaId], [Row], [Number], [State], [UserId]) VALUES (188, 7, 1, 5, 0, NULL)
INSERT [dbo].[EventSeat] ([Id], [EventAreaId], [Row], [Number], [State], [UserId]) VALUES (189, 7, 2, 5, 0, NULL)
INSERT [dbo].[EventSeat] ([Id], [EventAreaId], [Row], [Number], [State], [UserId]) VALUES (190, 8, 1, 1, 0, NULL)
INSERT [dbo].[EventSeat] ([Id], [EventAreaId], [Row], [Number], [State], [UserId]) VALUES (191, 8, 2, 1, 0, NULL)
INSERT [dbo].[EventSeat] ([Id], [EventAreaId], [Row], [Number], [State], [UserId]) VALUES (192, 8, 3, 1, 0, NULL)
INSERT [dbo].[EventSeat] ([Id], [EventAreaId], [Row], [Number], [State], [UserId]) VALUES (193, 8, 1, 2, 0, NULL)
INSERT [dbo].[EventSeat] ([Id], [EventAreaId], [Row], [Number], [State], [UserId]) VALUES (194, 8, 2, 2, 0, NULL)
INSERT [dbo].[EventSeat] ([Id], [EventAreaId], [Row], [Number], [State], [UserId]) VALUES (195, 8, 3, 2, 0, NULL)
INSERT [dbo].[EventSeat] ([Id], [EventAreaId], [Row], [Number], [State], [UserId]) VALUES (196, 8, 1, 3, 0, NULL)
INSERT [dbo].[EventSeat] ([Id], [EventAreaId], [Row], [Number], [State], [UserId]) VALUES (197, 8, 2, 3, 0, NULL)
INSERT [dbo].[EventSeat] ([Id], [EventAreaId], [Row], [Number], [State], [UserId]) VALUES (198, 8, 3, 3, 0, NULL)
INSERT [dbo].[EventSeat] ([Id], [EventAreaId], [Row], [Number], [State], [UserId]) VALUES (199, 9, 1, 1, 0, NULL)
GO
INSERT [dbo].[EventSeat] ([Id], [EventAreaId], [Row], [Number], [State], [UserId]) VALUES (200, 9, 2, 1, 0, NULL)
INSERT [dbo].[EventSeat] ([Id], [EventAreaId], [Row], [Number], [State], [UserId]) VALUES (201, 9, 1, 2, 0, NULL)
INSERT [dbo].[EventSeat] ([Id], [EventAreaId], [Row], [Number], [State], [UserId]) VALUES (202, 9, 2, 2, 0, NULL)
INSERT [dbo].[EventSeat] ([Id], [EventAreaId], [Row], [Number], [State], [UserId]) VALUES (203, 10, 1, 1, 0, NULL)
INSERT [dbo].[EventSeat] ([Id], [EventAreaId], [Row], [Number], [State], [UserId]) VALUES (204, 10, 1, 2, 0, NULL)
INSERT [dbo].[EventSeat] ([Id], [EventAreaId], [Row], [Number], [State], [UserId]) VALUES (205, 10, 1, 3, 0, NULL)
INSERT [dbo].[EventSeat] ([Id], [EventAreaId], [Row], [Number], [State], [UserId]) VALUES (206, 10, 1, 4, 0, NULL)
INSERT [dbo].[EventSeat] ([Id], [EventAreaId], [Row], [Number], [State], [UserId]) VALUES (207, 11, 1, 1, 0, NULL)
INSERT [dbo].[EventSeat] ([Id], [EventAreaId], [Row], [Number], [State], [UserId]) VALUES (208, 11, 2, 1, 0, NULL)
INSERT [dbo].[EventSeat] ([Id], [EventAreaId], [Row], [Number], [State], [UserId]) VALUES (209, 11, 3, 1, 0, NULL)
INSERT [dbo].[EventSeat] ([Id], [EventAreaId], [Row], [Number], [State], [UserId]) VALUES (210, 11, 4, 1, 0, NULL)
INSERT [dbo].[EventSeat] ([Id], [EventAreaId], [Row], [Number], [State], [UserId]) VALUES (211, 11, 5, 1, 0, NULL)
INSERT [dbo].[EventSeat] ([Id], [EventAreaId], [Row], [Number], [State], [UserId]) VALUES (212, 11, 1, 2, 0, NULL)
INSERT [dbo].[EventSeat] ([Id], [EventAreaId], [Row], [Number], [State], [UserId]) VALUES (213, 11, 2, 2, 0, NULL)
INSERT [dbo].[EventSeat] ([Id], [EventAreaId], [Row], [Number], [State], [UserId]) VALUES (214, 11, 3, 2, 0, NULL)
INSERT [dbo].[EventSeat] ([Id], [EventAreaId], [Row], [Number], [State], [UserId]) VALUES (215, 11, 4, 2, 0, NULL)
INSERT [dbo].[EventSeat] ([Id], [EventAreaId], [Row], [Number], [State], [UserId]) VALUES (216, 11, 5, 2, 0, NULL)
INSERT [dbo].[EventSeat] ([Id], [EventAreaId], [Row], [Number], [State], [UserId]) VALUES (217, 11, 1, 3, 0, NULL)
INSERT [dbo].[EventSeat] ([Id], [EventAreaId], [Row], [Number], [State], [UserId]) VALUES (218, 11, 2, 3, 0, NULL)
INSERT [dbo].[EventSeat] ([Id], [EventAreaId], [Row], [Number], [State], [UserId]) VALUES (219, 11, 3, 3, 0, NULL)
INSERT [dbo].[EventSeat] ([Id], [EventAreaId], [Row], [Number], [State], [UserId]) VALUES (220, 11, 4, 3, 0, NULL)
INSERT [dbo].[EventSeat] ([Id], [EventAreaId], [Row], [Number], [State], [UserId]) VALUES (221, 11, 5, 3, 0, NULL)
INSERT [dbo].[EventSeat] ([Id], [EventAreaId], [Row], [Number], [State], [UserId]) VALUES (222, 11, 1, 4, 1, N'8837789f-6527-4f1f-851e-3381ac918699')
INSERT [dbo].[EventSeat] ([Id], [EventAreaId], [Row], [Number], [State], [UserId]) VALUES (223, 11, 2, 4, 0, NULL)
INSERT [dbo].[EventSeat] ([Id], [EventAreaId], [Row], [Number], [State], [UserId]) VALUES (224, 11, 3, 4, 0, NULL)
INSERT [dbo].[EventSeat] ([Id], [EventAreaId], [Row], [Number], [State], [UserId]) VALUES (225, 11, 4, 4, 0, NULL)
INSERT [dbo].[EventSeat] ([Id], [EventAreaId], [Row], [Number], [State], [UserId]) VALUES (226, 11, 5, 4, 0, NULL)
INSERT [dbo].[EventSeat] ([Id], [EventAreaId], [Row], [Number], [State], [UserId]) VALUES (227, 11, 1, 5, 1, N'8837789f-6527-4f1f-851e-3381ac918699')
INSERT [dbo].[EventSeat] ([Id], [EventAreaId], [Row], [Number], [State], [UserId]) VALUES (228, 11, 2, 5, 0, NULL)
INSERT [dbo].[EventSeat] ([Id], [EventAreaId], [Row], [Number], [State], [UserId]) VALUES (229, 11, 3, 5, 0, NULL)
INSERT [dbo].[EventSeat] ([Id], [EventAreaId], [Row], [Number], [State], [UserId]) VALUES (230, 11, 4, 5, 0, NULL)
INSERT [dbo].[EventSeat] ([Id], [EventAreaId], [Row], [Number], [State], [UserId]) VALUES (231, 11, 5, 5, 0, NULL)
INSERT [dbo].[EventSeat] ([Id], [EventAreaId], [Row], [Number], [State], [UserId]) VALUES (232, 11, 1, 6, 0, NULL)
INSERT [dbo].[EventSeat] ([Id], [EventAreaId], [Row], [Number], [State], [UserId]) VALUES (233, 11, 2, 6, 0, NULL)
INSERT [dbo].[EventSeat] ([Id], [EventAreaId], [Row], [Number], [State], [UserId]) VALUES (234, 11, 3, 6, 0, NULL)
INSERT [dbo].[EventSeat] ([Id], [EventAreaId], [Row], [Number], [State], [UserId]) VALUES (235, 11, 4, 6, 0, NULL)
INSERT [dbo].[EventSeat] ([Id], [EventAreaId], [Row], [Number], [State], [UserId]) VALUES (236, 11, 5, 6, 0, NULL)
INSERT [dbo].[EventSeat] ([Id], [EventAreaId], [Row], [Number], [State], [UserId]) VALUES (237, 11, 1, 7, 0, NULL)
INSERT [dbo].[EventSeat] ([Id], [EventAreaId], [Row], [Number], [State], [UserId]) VALUES (238, 11, 2, 7, 0, NULL)
INSERT [dbo].[EventSeat] ([Id], [EventAreaId], [Row], [Number], [State], [UserId]) VALUES (239, 11, 3, 7, 0, NULL)
INSERT [dbo].[EventSeat] ([Id], [EventAreaId], [Row], [Number], [State], [UserId]) VALUES (240, 11, 4, 7, 0, NULL)
INSERT [dbo].[EventSeat] ([Id], [EventAreaId], [Row], [Number], [State], [UserId]) VALUES (241, 11, 5, 7, 0, NULL)
INSERT [dbo].[EventSeat] ([Id], [EventAreaId], [Row], [Number], [State], [UserId]) VALUES (242, 11, 1, 8, 0, NULL)
INSERT [dbo].[EventSeat] ([Id], [EventAreaId], [Row], [Number], [State], [UserId]) VALUES (243, 11, 2, 8, 0, NULL)
INSERT [dbo].[EventSeat] ([Id], [EventAreaId], [Row], [Number], [State], [UserId]) VALUES (244, 11, 3, 8, 0, NULL)
INSERT [dbo].[EventSeat] ([Id], [EventAreaId], [Row], [Number], [State], [UserId]) VALUES (245, 11, 4, 8, 0, NULL)
INSERT [dbo].[EventSeat] ([Id], [EventAreaId], [Row], [Number], [State], [UserId]) VALUES (246, 11, 5, 8, 0, NULL)
INSERT [dbo].[EventSeat] ([Id], [EventAreaId], [Row], [Number], [State], [UserId]) VALUES (247, 11, 1, 9, 0, NULL)
INSERT [dbo].[EventSeat] ([Id], [EventAreaId], [Row], [Number], [State], [UserId]) VALUES (248, 11, 2, 9, 0, NULL)
INSERT [dbo].[EventSeat] ([Id], [EventAreaId], [Row], [Number], [State], [UserId]) VALUES (249, 11, 3, 9, 0, NULL)
INSERT [dbo].[EventSeat] ([Id], [EventAreaId], [Row], [Number], [State], [UserId]) VALUES (250, 11, 4, 9, 0, NULL)
INSERT [dbo].[EventSeat] ([Id], [EventAreaId], [Row], [Number], [State], [UserId]) VALUES (251, 11, 5, 9, 0, NULL)
INSERT [dbo].[EventSeat] ([Id], [EventAreaId], [Row], [Number], [State], [UserId]) VALUES (252, 11, 1, 10, 0, NULL)
INSERT [dbo].[EventSeat] ([Id], [EventAreaId], [Row], [Number], [State], [UserId]) VALUES (253, 11, 2, 10, 0, NULL)
INSERT [dbo].[EventSeat] ([Id], [EventAreaId], [Row], [Number], [State], [UserId]) VALUES (254, 11, 3, 10, 0, NULL)
INSERT [dbo].[EventSeat] ([Id], [EventAreaId], [Row], [Number], [State], [UserId]) VALUES (255, 11, 4, 10, 0, NULL)
INSERT [dbo].[EventSeat] ([Id], [EventAreaId], [Row], [Number], [State], [UserId]) VALUES (256, 11, 5, 10, 0, NULL)
INSERT [dbo].[EventSeat] ([Id], [EventAreaId], [Row], [Number], [State], [UserId]) VALUES (257, 12, 1, 1, 0, NULL)
INSERT [dbo].[EventSeat] ([Id], [EventAreaId], [Row], [Number], [State], [UserId]) VALUES (258, 12, 2, 1, 0, NULL)
INSERT [dbo].[EventSeat] ([Id], [EventAreaId], [Row], [Number], [State], [UserId]) VALUES (259, 12, 3, 1, 0, NULL)
INSERT [dbo].[EventSeat] ([Id], [EventAreaId], [Row], [Number], [State], [UserId]) VALUES (260, 12, 1, 2, 0, NULL)
INSERT [dbo].[EventSeat] ([Id], [EventAreaId], [Row], [Number], [State], [UserId]) VALUES (261, 12, 2, 2, 0, NULL)
INSERT [dbo].[EventSeat] ([Id], [EventAreaId], [Row], [Number], [State], [UserId]) VALUES (262, 12, 3, 2, 0, NULL)
INSERT [dbo].[EventSeat] ([Id], [EventAreaId], [Row], [Number], [State], [UserId]) VALUES (263, 12, 1, 3, 0, NULL)
INSERT [dbo].[EventSeat] ([Id], [EventAreaId], [Row], [Number], [State], [UserId]) VALUES (264, 12, 2, 3, 0, NULL)
INSERT [dbo].[EventSeat] ([Id], [EventAreaId], [Row], [Number], [State], [UserId]) VALUES (265, 12, 3, 3, 0, NULL)
INSERT [dbo].[EventSeat] ([Id], [EventAreaId], [Row], [Number], [State], [UserId]) VALUES (266, 12, 1, 4, 0, NULL)
INSERT [dbo].[EventSeat] ([Id], [EventAreaId], [Row], [Number], [State], [UserId]) VALUES (267, 12, 2, 4, 0, NULL)
INSERT [dbo].[EventSeat] ([Id], [EventAreaId], [Row], [Number], [State], [UserId]) VALUES (268, 12, 3, 4, 1, N'8837789f-6527-4f1f-851e-3381ac918699')
INSERT [dbo].[EventSeat] ([Id], [EventAreaId], [Row], [Number], [State], [UserId]) VALUES (269, 12, 1, 5, 0, NULL)
INSERT [dbo].[EventSeat] ([Id], [EventAreaId], [Row], [Number], [State], [UserId]) VALUES (270, 12, 2, 5, 0, NULL)
INSERT [dbo].[EventSeat] ([Id], [EventAreaId], [Row], [Number], [State], [UserId]) VALUES (271, 12, 3, 5, 0, NULL)
INSERT [dbo].[EventSeat] ([Id], [EventAreaId], [Row], [Number], [State], [UserId]) VALUES (272, 12, 1, 6, 0, NULL)
INSERT [dbo].[EventSeat] ([Id], [EventAreaId], [Row], [Number], [State], [UserId]) VALUES (273, 12, 2, 6, 0, NULL)
INSERT [dbo].[EventSeat] ([Id], [EventAreaId], [Row], [Number], [State], [UserId]) VALUES (274, 12, 3, 6, 0, NULL)
INSERT [dbo].[EventSeat] ([Id], [EventAreaId], [Row], [Number], [State], [UserId]) VALUES (275, 12, 1, 7, 0, NULL)
INSERT [dbo].[EventSeat] ([Id], [EventAreaId], [Row], [Number], [State], [UserId]) VALUES (276, 12, 2, 7, 0, NULL)
INSERT [dbo].[EventSeat] ([Id], [EventAreaId], [Row], [Number], [State], [UserId]) VALUES (277, 12, 3, 7, 0, NULL)
INSERT [dbo].[EventSeat] ([Id], [EventAreaId], [Row], [Number], [State], [UserId]) VALUES (278, 12, 1, 8, 0, NULL)
INSERT [dbo].[EventSeat] ([Id], [EventAreaId], [Row], [Number], [State], [UserId]) VALUES (279, 12, 2, 8, 0, NULL)
INSERT [dbo].[EventSeat] ([Id], [EventAreaId], [Row], [Number], [State], [UserId]) VALUES (280, 12, 3, 8, 0, NULL)
INSERT [dbo].[EventSeat] ([Id], [EventAreaId], [Row], [Number], [State], [UserId]) VALUES (281, 12, 1, 9, 0, NULL)
INSERT [dbo].[EventSeat] ([Id], [EventAreaId], [Row], [Number], [State], [UserId]) VALUES (282, 12, 2, 9, 0, NULL)
INSERT [dbo].[EventSeat] ([Id], [EventAreaId], [Row], [Number], [State], [UserId]) VALUES (283, 12, 3, 9, 0, NULL)
INSERT [dbo].[EventSeat] ([Id], [EventAreaId], [Row], [Number], [State], [UserId]) VALUES (284, 12, 1, 10, 0, NULL)
INSERT [dbo].[EventSeat] ([Id], [EventAreaId], [Row], [Number], [State], [UserId]) VALUES (285, 12, 2, 10, 0, NULL)
INSERT [dbo].[EventSeat] ([Id], [EventAreaId], [Row], [Number], [State], [UserId]) VALUES (286, 12, 3, 10, 0, NULL)
INSERT [dbo].[EventSeat] ([Id], [EventAreaId], [Row], [Number], [State], [UserId]) VALUES (287, 13, 1, 1, 1, N'8837789f-6527-4f1f-851e-3381ac918699')
INSERT [dbo].[EventSeat] ([Id], [EventAreaId], [Row], [Number], [State], [UserId]) VALUES (288, 13, 2, 1, 0, NULL)
INSERT [dbo].[EventSeat] ([Id], [EventAreaId], [Row], [Number], [State], [UserId]) VALUES (289, 13, 1, 2, 1, N'8837789f-6527-4f1f-851e-3381ac918699')
INSERT [dbo].[EventSeat] ([Id], [EventAreaId], [Row], [Number], [State], [UserId]) VALUES (290, 13, 2, 2, 0, NULL)
INSERT [dbo].[EventSeat] ([Id], [EventAreaId], [Row], [Number], [State], [UserId]) VALUES (291, 13, 1, 3, 0, NULL)
INSERT [dbo].[EventSeat] ([Id], [EventAreaId], [Row], [Number], [State], [UserId]) VALUES (292, 13, 2, 3, 0, NULL)
INSERT [dbo].[EventSeat] ([Id], [EventAreaId], [Row], [Number], [State], [UserId]) VALUES (293, 14, 1, 1, 0, NULL)
INSERT [dbo].[EventSeat] ([Id], [EventAreaId], [Row], [Number], [State], [UserId]) VALUES (294, 14, 2, 1, 0, NULL)
INSERT [dbo].[EventSeat] ([Id], [EventAreaId], [Row], [Number], [State], [UserId]) VALUES (295, 14, 3, 1, 0, NULL)
INSERT [dbo].[EventSeat] ([Id], [EventAreaId], [Row], [Number], [State], [UserId]) VALUES (296, 14, 4, 1, 0, NULL)
INSERT [dbo].[EventSeat] ([Id], [EventAreaId], [Row], [Number], [State], [UserId]) VALUES (297, 14, 5, 1, 0, NULL)
INSERT [dbo].[EventSeat] ([Id], [EventAreaId], [Row], [Number], [State], [UserId]) VALUES (298, 14, 1, 2, 0, NULL)
INSERT [dbo].[EventSeat] ([Id], [EventAreaId], [Row], [Number], [State], [UserId]) VALUES (299, 14, 2, 2, 0, NULL)
GO
INSERT [dbo].[EventSeat] ([Id], [EventAreaId], [Row], [Number], [State], [UserId]) VALUES (300, 14, 3, 2, 0, NULL)
INSERT [dbo].[EventSeat] ([Id], [EventAreaId], [Row], [Number], [State], [UserId]) VALUES (301, 14, 4, 2, 0, NULL)
INSERT [dbo].[EventSeat] ([Id], [EventAreaId], [Row], [Number], [State], [UserId]) VALUES (302, 14, 5, 2, 0, NULL)
INSERT [dbo].[EventSeat] ([Id], [EventAreaId], [Row], [Number], [State], [UserId]) VALUES (303, 14, 1, 3, 0, NULL)
INSERT [dbo].[EventSeat] ([Id], [EventAreaId], [Row], [Number], [State], [UserId]) VALUES (304, 14, 2, 3, 0, NULL)
INSERT [dbo].[EventSeat] ([Id], [EventAreaId], [Row], [Number], [State], [UserId]) VALUES (305, 14, 3, 3, 0, NULL)
INSERT [dbo].[EventSeat] ([Id], [EventAreaId], [Row], [Number], [State], [UserId]) VALUES (306, 14, 4, 3, 0, NULL)
INSERT [dbo].[EventSeat] ([Id], [EventAreaId], [Row], [Number], [State], [UserId]) VALUES (307, 14, 5, 3, 0, NULL)
INSERT [dbo].[EventSeat] ([Id], [EventAreaId], [Row], [Number], [State], [UserId]) VALUES (308, 14, 1, 4, 0, NULL)
INSERT [dbo].[EventSeat] ([Id], [EventAreaId], [Row], [Number], [State], [UserId]) VALUES (309, 14, 2, 4, 0, NULL)
INSERT [dbo].[EventSeat] ([Id], [EventAreaId], [Row], [Number], [State], [UserId]) VALUES (310, 14, 3, 4, 0, NULL)
INSERT [dbo].[EventSeat] ([Id], [EventAreaId], [Row], [Number], [State], [UserId]) VALUES (311, 14, 4, 4, 0, NULL)
INSERT [dbo].[EventSeat] ([Id], [EventAreaId], [Row], [Number], [State], [UserId]) VALUES (312, 14, 5, 4, 0, NULL)
INSERT [dbo].[EventSeat] ([Id], [EventAreaId], [Row], [Number], [State], [UserId]) VALUES (313, 14, 1, 5, 0, NULL)
INSERT [dbo].[EventSeat] ([Id], [EventAreaId], [Row], [Number], [State], [UserId]) VALUES (314, 14, 2, 5, 0, NULL)
INSERT [dbo].[EventSeat] ([Id], [EventAreaId], [Row], [Number], [State], [UserId]) VALUES (315, 14, 3, 5, 0, NULL)
INSERT [dbo].[EventSeat] ([Id], [EventAreaId], [Row], [Number], [State], [UserId]) VALUES (316, 14, 4, 5, 0, NULL)
INSERT [dbo].[EventSeat] ([Id], [EventAreaId], [Row], [Number], [State], [UserId]) VALUES (317, 14, 5, 5, 0, NULL)
INSERT [dbo].[EventSeat] ([Id], [EventAreaId], [Row], [Number], [State], [UserId]) VALUES (318, 14, 1, 6, 0, NULL)
INSERT [dbo].[EventSeat] ([Id], [EventAreaId], [Row], [Number], [State], [UserId]) VALUES (319, 14, 2, 6, 0, NULL)
INSERT [dbo].[EventSeat] ([Id], [EventAreaId], [Row], [Number], [State], [UserId]) VALUES (320, 14, 3, 6, 0, NULL)
INSERT [dbo].[EventSeat] ([Id], [EventAreaId], [Row], [Number], [State], [UserId]) VALUES (321, 14, 4, 6, 0, NULL)
INSERT [dbo].[EventSeat] ([Id], [EventAreaId], [Row], [Number], [State], [UserId]) VALUES (322, 14, 5, 6, 0, NULL)
INSERT [dbo].[EventSeat] ([Id], [EventAreaId], [Row], [Number], [State], [UserId]) VALUES (323, 14, 1, 7, 0, NULL)
INSERT [dbo].[EventSeat] ([Id], [EventAreaId], [Row], [Number], [State], [UserId]) VALUES (324, 14, 2, 7, 0, NULL)
INSERT [dbo].[EventSeat] ([Id], [EventAreaId], [Row], [Number], [State], [UserId]) VALUES (325, 14, 3, 7, 0, NULL)
INSERT [dbo].[EventSeat] ([Id], [EventAreaId], [Row], [Number], [State], [UserId]) VALUES (326, 14, 4, 7, 0, NULL)
INSERT [dbo].[EventSeat] ([Id], [EventAreaId], [Row], [Number], [State], [UserId]) VALUES (327, 14, 5, 7, 0, NULL)
INSERT [dbo].[EventSeat] ([Id], [EventAreaId], [Row], [Number], [State], [UserId]) VALUES (328, 14, 1, 8, 0, NULL)
INSERT [dbo].[EventSeat] ([Id], [EventAreaId], [Row], [Number], [State], [UserId]) VALUES (329, 14, 2, 8, 0, NULL)
INSERT [dbo].[EventSeat] ([Id], [EventAreaId], [Row], [Number], [State], [UserId]) VALUES (330, 14, 3, 8, 0, NULL)
INSERT [dbo].[EventSeat] ([Id], [EventAreaId], [Row], [Number], [State], [UserId]) VALUES (331, 14, 4, 8, 0, NULL)
INSERT [dbo].[EventSeat] ([Id], [EventAreaId], [Row], [Number], [State], [UserId]) VALUES (332, 14, 5, 8, 0, NULL)
INSERT [dbo].[EventSeat] ([Id], [EventAreaId], [Row], [Number], [State], [UserId]) VALUES (333, 14, 1, 9, 0, NULL)
INSERT [dbo].[EventSeat] ([Id], [EventAreaId], [Row], [Number], [State], [UserId]) VALUES (334, 14, 2, 9, 0, NULL)
INSERT [dbo].[EventSeat] ([Id], [EventAreaId], [Row], [Number], [State], [UserId]) VALUES (335, 14, 3, 9, 0, NULL)
INSERT [dbo].[EventSeat] ([Id], [EventAreaId], [Row], [Number], [State], [UserId]) VALUES (336, 14, 4, 9, 0, NULL)
INSERT [dbo].[EventSeat] ([Id], [EventAreaId], [Row], [Number], [State], [UserId]) VALUES (337, 14, 5, 9, 0, NULL)
INSERT [dbo].[EventSeat] ([Id], [EventAreaId], [Row], [Number], [State], [UserId]) VALUES (338, 14, 1, 10, 0, NULL)
INSERT [dbo].[EventSeat] ([Id], [EventAreaId], [Row], [Number], [State], [UserId]) VALUES (339, 14, 2, 10, 0, NULL)
INSERT [dbo].[EventSeat] ([Id], [EventAreaId], [Row], [Number], [State], [UserId]) VALUES (340, 14, 3, 10, 0, NULL)
INSERT [dbo].[EventSeat] ([Id], [EventAreaId], [Row], [Number], [State], [UserId]) VALUES (341, 14, 4, 10, 0, NULL)
INSERT [dbo].[EventSeat] ([Id], [EventAreaId], [Row], [Number], [State], [UserId]) VALUES (342, 14, 5, 10, 0, NULL)
INSERT [dbo].[EventSeat] ([Id], [EventAreaId], [Row], [Number], [State], [UserId]) VALUES (343, 15, 1, 1, 0, NULL)
INSERT [dbo].[EventSeat] ([Id], [EventAreaId], [Row], [Number], [State], [UserId]) VALUES (344, 15, 2, 1, 0, NULL)
INSERT [dbo].[EventSeat] ([Id], [EventAreaId], [Row], [Number], [State], [UserId]) VALUES (345, 15, 3, 1, 0, NULL)
INSERT [dbo].[EventSeat] ([Id], [EventAreaId], [Row], [Number], [State], [UserId]) VALUES (346, 15, 1, 2, 0, NULL)
INSERT [dbo].[EventSeat] ([Id], [EventAreaId], [Row], [Number], [State], [UserId]) VALUES (347, 15, 2, 2, 0, NULL)
INSERT [dbo].[EventSeat] ([Id], [EventAreaId], [Row], [Number], [State], [UserId]) VALUES (348, 15, 3, 2, 0, NULL)
INSERT [dbo].[EventSeat] ([Id], [EventAreaId], [Row], [Number], [State], [UserId]) VALUES (349, 15, 1, 3, 0, NULL)
INSERT [dbo].[EventSeat] ([Id], [EventAreaId], [Row], [Number], [State], [UserId]) VALUES (350, 15, 2, 3, 0, NULL)
INSERT [dbo].[EventSeat] ([Id], [EventAreaId], [Row], [Number], [State], [UserId]) VALUES (351, 15, 3, 3, 0, NULL)
INSERT [dbo].[EventSeat] ([Id], [EventAreaId], [Row], [Number], [State], [UserId]) VALUES (352, 15, 1, 4, 0, NULL)
INSERT [dbo].[EventSeat] ([Id], [EventAreaId], [Row], [Number], [State], [UserId]) VALUES (353, 15, 2, 4, 0, NULL)
INSERT [dbo].[EventSeat] ([Id], [EventAreaId], [Row], [Number], [State], [UserId]) VALUES (354, 15, 3, 4, 0, NULL)
INSERT [dbo].[EventSeat] ([Id], [EventAreaId], [Row], [Number], [State], [UserId]) VALUES (355, 15, 1, 5, 0, NULL)
INSERT [dbo].[EventSeat] ([Id], [EventAreaId], [Row], [Number], [State], [UserId]) VALUES (356, 15, 2, 5, 0, NULL)
INSERT [dbo].[EventSeat] ([Id], [EventAreaId], [Row], [Number], [State], [UserId]) VALUES (357, 15, 3, 5, 0, NULL)
INSERT [dbo].[EventSeat] ([Id], [EventAreaId], [Row], [Number], [State], [UserId]) VALUES (358, 15, 1, 6, 0, NULL)
INSERT [dbo].[EventSeat] ([Id], [EventAreaId], [Row], [Number], [State], [UserId]) VALUES (359, 15, 2, 6, 0, NULL)
INSERT [dbo].[EventSeat] ([Id], [EventAreaId], [Row], [Number], [State], [UserId]) VALUES (360, 15, 3, 6, 0, NULL)
INSERT [dbo].[EventSeat] ([Id], [EventAreaId], [Row], [Number], [State], [UserId]) VALUES (361, 15, 1, 7, 0, NULL)
INSERT [dbo].[EventSeat] ([Id], [EventAreaId], [Row], [Number], [State], [UserId]) VALUES (362, 15, 2, 7, 0, NULL)
INSERT [dbo].[EventSeat] ([Id], [EventAreaId], [Row], [Number], [State], [UserId]) VALUES (363, 15, 3, 7, 0, NULL)
INSERT [dbo].[EventSeat] ([Id], [EventAreaId], [Row], [Number], [State], [UserId]) VALUES (364, 15, 1, 8, 0, NULL)
INSERT [dbo].[EventSeat] ([Id], [EventAreaId], [Row], [Number], [State], [UserId]) VALUES (365, 15, 2, 8, 0, NULL)
INSERT [dbo].[EventSeat] ([Id], [EventAreaId], [Row], [Number], [State], [UserId]) VALUES (366, 15, 3, 8, 0, NULL)
INSERT [dbo].[EventSeat] ([Id], [EventAreaId], [Row], [Number], [State], [UserId]) VALUES (367, 15, 1, 9, 0, NULL)
INSERT [dbo].[EventSeat] ([Id], [EventAreaId], [Row], [Number], [State], [UserId]) VALUES (368, 15, 2, 9, 0, NULL)
INSERT [dbo].[EventSeat] ([Id], [EventAreaId], [Row], [Number], [State], [UserId]) VALUES (369, 15, 3, 9, 0, NULL)
INSERT [dbo].[EventSeat] ([Id], [EventAreaId], [Row], [Number], [State], [UserId]) VALUES (370, 15, 1, 10, 0, NULL)
INSERT [dbo].[EventSeat] ([Id], [EventAreaId], [Row], [Number], [State], [UserId]) VALUES (371, 15, 2, 10, 0, NULL)
INSERT [dbo].[EventSeat] ([Id], [EventAreaId], [Row], [Number], [State], [UserId]) VALUES (372, 15, 3, 10, 0, NULL)
INSERT [dbo].[EventSeat] ([Id], [EventAreaId], [Row], [Number], [State], [UserId]) VALUES (373, 16, 1, 1, 0, NULL)
INSERT [dbo].[EventSeat] ([Id], [EventAreaId], [Row], [Number], [State], [UserId]) VALUES (374, 16, 2, 1, 0, NULL)
INSERT [dbo].[EventSeat] ([Id], [EventAreaId], [Row], [Number], [State], [UserId]) VALUES (375, 16, 1, 2, 0, NULL)
INSERT [dbo].[EventSeat] ([Id], [EventAreaId], [Row], [Number], [State], [UserId]) VALUES (376, 16, 2, 2, 0, NULL)
INSERT [dbo].[EventSeat] ([Id], [EventAreaId], [Row], [Number], [State], [UserId]) VALUES (377, 16, 1, 3, 0, NULL)
INSERT [dbo].[EventSeat] ([Id], [EventAreaId], [Row], [Number], [State], [UserId]) VALUES (378, 16, 2, 3, 0, NULL)
INSERT [dbo].[EventSeat] ([Id], [EventAreaId], [Row], [Number], [State], [UserId]) VALUES (379, 17, 1, 1, 0, NULL)
INSERT [dbo].[EventSeat] ([Id], [EventAreaId], [Row], [Number], [State], [UserId]) VALUES (380, 17, 2, 1, 0, NULL)
INSERT [dbo].[EventSeat] ([Id], [EventAreaId], [Row], [Number], [State], [UserId]) VALUES (381, 17, 1, 2, 0, NULL)
INSERT [dbo].[EventSeat] ([Id], [EventAreaId], [Row], [Number], [State], [UserId]) VALUES (382, 17, 2, 2, 0, NULL)
INSERT [dbo].[EventSeat] ([Id], [EventAreaId], [Row], [Number], [State], [UserId]) VALUES (383, 17, 1, 3, 0, NULL)
INSERT [dbo].[EventSeat] ([Id], [EventAreaId], [Row], [Number], [State], [UserId]) VALUES (384, 17, 2, 3, 0, NULL)
INSERT [dbo].[EventSeat] ([Id], [EventAreaId], [Row], [Number], [State], [UserId]) VALUES (385, 17, 1, 4, 0, NULL)
INSERT [dbo].[EventSeat] ([Id], [EventAreaId], [Row], [Number], [State], [UserId]) VALUES (386, 17, 2, 4, 0, NULL)
INSERT [dbo].[EventSeat] ([Id], [EventAreaId], [Row], [Number], [State], [UserId]) VALUES (387, 17, 1, 5, 0, NULL)
INSERT [dbo].[EventSeat] ([Id], [EventAreaId], [Row], [Number], [State], [UserId]) VALUES (388, 17, 2, 5, 0, NULL)
INSERT [dbo].[EventSeat] ([Id], [EventAreaId], [Row], [Number], [State], [UserId]) VALUES (389, 18, 1, 1, 0, NULL)
INSERT [dbo].[EventSeat] ([Id], [EventAreaId], [Row], [Number], [State], [UserId]) VALUES (390, 18, 2, 1, 0, NULL)
INSERT [dbo].[EventSeat] ([Id], [EventAreaId], [Row], [Number], [State], [UserId]) VALUES (391, 18, 3, 1, 0, NULL)
INSERT [dbo].[EventSeat] ([Id], [EventAreaId], [Row], [Number], [State], [UserId]) VALUES (392, 18, 1, 2, 0, NULL)
INSERT [dbo].[EventSeat] ([Id], [EventAreaId], [Row], [Number], [State], [UserId]) VALUES (393, 18, 2, 2, 0, NULL)
INSERT [dbo].[EventSeat] ([Id], [EventAreaId], [Row], [Number], [State], [UserId]) VALUES (394, 18, 3, 2, 0, NULL)
INSERT [dbo].[EventSeat] ([Id], [EventAreaId], [Row], [Number], [State], [UserId]) VALUES (395, 18, 1, 3, 0, NULL)
INSERT [dbo].[EventSeat] ([Id], [EventAreaId], [Row], [Number], [State], [UserId]) VALUES (396, 18, 2, 3, 0, NULL)
INSERT [dbo].[EventSeat] ([Id], [EventAreaId], [Row], [Number], [State], [UserId]) VALUES (397, 18, 3, 3, 0, NULL)
SET IDENTITY_INSERT [dbo].[EventSeat] OFF
GO
